{"text": " Ciao Ciao", "segments": [{"id": 0, "seek": 0, "start": 0.0, "end": 1.0, "text": " Ciao", "tokens": [50364, 28473, 50414], "temperature": 0.0, "avg_logprob": -0.7361797605242048, "compression_ratio": 0.6, "no_speech_prob": 0.09428435564041138}, {"id": 1, "seek": 0, "start": 1.0, "end": 2.0, "text": " Ciao", "tokens": [50414, 28473, 50464], "temperature": 0.0, "avg_logprob": -0.7361797605242048, "compression_ratio": 0.6, "no_speech_prob": 0.09428435564041138}], "language": "en"}