{"text": " Ciao. Ciao.", "segments": [{"id": 0, "seek": 0, "start": 0.0, "end": 0.4, "text": " Ciao.", "tokens": [50365, 28473, 13, 50385], "temperature": 0.0, "avg_logprob": -0.5534970495435927, "compression_ratio": 0.6875, "no_speech_prob": 1.8979909310878895e-10}, {"id": 1, "seek": 0, "start": 1.3, "end": 1.82, "text": " Ciao.", "tokens": [50430, 28473, 13, 50456], "temperature": 0.0, "avg_logprob": -0.5534970495435927, "compression_ratio": 0.6875, "no_speech_prob": 1.8979909310878895e-10}], "language": "Italian"}